ui_first_person_field_of_view|Görüş Alanı (1. Şahıs)
ui_third_person_field_of_view|Görüş Alanı (3. Şahıs)
ui_banner_mode|Bayrakları Göster
ui_banner_outline_mode|Bayrak Dış Hatlarını Göster
ui_dynamic_banner_transparency|Dinamik Bayrak Saydamlığı
ui_on_group|Grupta
ui_on_friendlies|Dostlarda
ui_on_everyone|Herkeste
ui_show_multiplayer_chat|Sohbeti Göster
ui_show_multiplayer_team_chat|Takım Sohbetini Göster
ui_difficulty_rating_percentage|Zorluk = %%d%%
ui_general_options|Genel
ui_battle_options|Savaş
ui_campaign_options|Sefer
ui_multiplayer_options|Çok Oyunculu
ui_video_options|Grafik
ui_sound_options|Ses
ui_input_options|Giriş
ui_edit_mode_options|Düzenleme Modu
ui_maximum_framerate|Maksimum Kare Hızı
ui_show_framerate_wse2|Kare Hızını Göster
ui_show_render_stats_wse2|Render İstatistiklerini Göster
ui_show_simulation_stats_wse2|Simülasyon İstatistiklerini Göster
ui_estimated_performance|Performans = %d%%
ui_change_reflections_explanation|Tam yansımalar performansı olumsuz etkiler. Düşük kare hızı yaşıyorsanız devre dışı bırakın.
ui_report_proficiency|Yetkinliği Raporla
ui_abysmal|Berbat
ui_clear|Temizle
ui_walk|Yürü
ui_walk_toggle|Yürü (Geçiş)
ui_rear_horse|Atı Şahlandır
ui_hide_ui|Arayüz Görünümünü Aç/Kapat
ui_hide_tooltips|İpucu Görünümünü Aç/Kapat
ui_listen_server_could_not_be_started|Dinleme sunucusu başlatılamadı. %d numaralı bağlantı noktasını başka bir programın kullanmadığından emin olun.
ui_water_reflections|Su Yansımaları
ui_reflections_quality|Su Yansımaları Kalitesi
ui_sky|Gökyüzü
ui_sky_landscape_objects|Gökyüzü, Manzara ve Nesneler
ui_sound_occlusion|Ses Engellemesi
ui_sound_occlusion_filter|Engelleme Alçak Geçişli Filtre
ui_sound_hrtf_filter|HRTF Alçak Geçişli Filtre
ui_sound_distance_filter|Mesafe Alçak/Yüksek Geçişli Filtre
ui_scene_restart_required|Bazı ayarlar yeni bir sahneye girdiğinizde uygulanacak:
ui_game_restart_required|Bazı ayarlar oyunu yeniden başlattığınızda uygulanacak:
ui_weapon_trails|Silah İzleri
ui_windowed|Pencereli
ui_dynamic_batching|Dinamik Model Yığınlama
ui_free_look|Serbest Bakış
ui_vsync|Dikey Senkronizasyon
ui_msaa|Kenar Yumuşatma (MSAA)
ui_atoc|Saydamlık Kenar Yumuşatma (MSAA)
ui_fxaa|Kenar Yumuşatma (FXAA)
ui_postprocess|Görüntü Sonrası İşleme Filtresi
ui_postprocess_light|Hafif Keskinleştirme
ui_postprocess_strong|Güçlü Keskinleştirme
ui_postprocess_color|GÖZLERİMİ YAK
ui_multiplayer_kills|Öldürme Mesajları
ui_all_kills|Tümü
ui_own|Kendininkiler
ui_player_deaths|Oyuncu Ölümleri
ui_own_kills_and_player_deaths|Öldürmeler ve oyuncu ölümleri
ui_sun_flare|Güneş Parlaması
ui_enable_alt_f4|Alt+F4 ile Çıkışı Etkinleştir
ui_invert_mouse_x_axis|Fare X Eksenini Ters Çevir
ui_enable_sound|Sesi Etkinleştir
ui_enable_music|Müziği Etkinleştir
ui_toggle_background|Arka Plan
ui_font_scale|Yazı Tipi Ölçeği
ui_messages_font_scale|Mesaj Yazı Tipi Ölçeği
ui_spectator_camera_controls|Seyirci Kamerası Kontrolleri
ui_faster_camera|Daha Hızlı Kamera Hareketi
ui_slower_camera|Daha Yavaş Kamera Hareketi
ui_camera_closer|Kamerayı Yaklaştır
ui_camera_farther|Kamerayı Uzaklaştır
ui_particle_degrade_distance|Parçacık Sistemi Bozulma Mesafesi
ui_sheath_primary_weapon|Silahı Kına Koy
ui_sheath_secondary_weapon|Kalkanı Kına Koy
ui_drop_primary_weapon|Silahı Bırak
ui_drop_secondary_weapon|Kalkanı Bırak
ui_screenshot_format|Ekran Görüntüsü Formatı
ui_control_block_direction|Savunma Kontrolü:
ui_control_block_direction_mounted|Atlı Savunma Kontrolü:
ui_control_attack_direction|Saldırı Kontrolü:
ui_control_attack_direction_mounted|Atlı Saldırı Kontrolü:
ui_preset_change|Hazır Ayar Değişikliği
ui_blood_amount|Kan Miktarı
ui_beta|β
ui_partial|Kısmi
ui_data_file_mismatch|Modül dosyalarınız bozuk veya kurcalanmış
ui_randomize_client_port|İstemci Portunu Rastgele Belirle (güvenlik duvarı arkasında değilseniz önerilir)
ui_client_port|İstemci Portu
ui_server_port|Dinleme Sunucusu Portu
ui_unable_to_bind_socket|Bağlanılamıyor, port zaten kullanımda.
ui_synchronization_error|Senkronizasyon hatası
ui_dismount_horse_on_use|Kullanımda Attan İn
ui_maximum_game_frame_rate|Maksimum Oyun Kare Hızı
ui_autoexp|Otomatik Pozlama
ui_ragdoll_soak|Ceset ragdoll'larına vurulabilir
ui_ragdoll_soak_apply_force|Ceset ragdoll'ları vurulunca hareket eder
ui_vsync_tooltip|Ekran yırtılmasını önler, giriş gecikmesine yol açabilir\n\nPerformans Maliyeti: <c=0xFF0000>Yüksek</c>
ui_msaa_tooltip|Katı nesnelerdeki pürüzlü kenarları yumuşatır\n\nPerformans Maliyeti: <c=0xFF0000>Yüksek</c>
ui_atoc_tooltip|Yarı saydam nesnelerdeki pürüzlü kenarları yumuşatır\n\nPerformans Maliyeti: <c=0x00FF00>Düşük</c>
ui_fxaa_tooltip|Pürüzlü kenarları yumuşatır, ekranı belirgin şekilde bulanıklaştırır\n\nPerformans Maliyeti: <c=0xFFAA00>Orta</c>
ui_anisotropic_filtering_tooltip|Uzak yüzeylerdeki bulanıklığı azaltır\n\nPerformans Maliyeti: <c=0xFFAA00>Orta</c>
ui_show_render_stats_wse2_tooltip|Kare başına render sayacını gösterir: çizim çağrıları, görünür nesneler, CPU ve GPU skinning, gölgeler ve iş parçacığı süreleri\n\nPerformans Maliyeti: <c=0x00FF00>Düşük</c>
ui_show_simulation_stats_wse2_tooltip|Bir simülasyon adımının nereye gittiğini gösterir: fizik, ajanlar, YZ, tetikleyiciler, sahne, ağ ve betik çağrıları\n\nPerformans Maliyeti: <c=0x00FF00>Düşük</c>
ui_sound_occlusion_tooltip|Seslerin "kapalı" ortamlarda nasıl algılandığını taklit eder; kapalı, ses kaynağına veya dinleyiciye yakın engellerin bulunduğu anlamına gelir\n\nPerformans Maliyeti: <c=0xFF0000>Yüksek</c>
ui_update_wse2_version|Lütfen WSE2 sürümünüzü güncelleyin, aksi takdirde bu sunucudan atılacaksınız.
ui_server_for_wse2_campaign|Bu sunucu WSE2 üzerinde bir çevrimiçi sefer içindir, lütfen WSE2'yi başlatın ve "Bir Sefere Katıl"ı seçin.
ui_server_for_standart_game_modes|Bu sunucu standart oyun modları içindir, lütfen "Bir Oyuna Katıl"ı seçin.
ui_enable_cheats_wse2|Hileleri Etkinleştir
ui_enable_edit_mode_wse2|Düzenleme Modunu Etkinleştir (Uyarı: bu oyunu yavaşlatır.)
ui_language_wse2|Dil:
ui_ondemand_textures_wse2|Dokuları İsteğe Bağlı Yükle
ui_map_editor|Harita editörü
ui_terrain_editor|Arazi editörü
ui_debug|Hata ayıklama
ui_restore_module_data|Modül verilerini geri yükle
ui_reload_ui_variables|Arayüz değişkenlerini yeniden yükle
ui_set_lod_quality|LOD kalitesini ayarla
ui_auto|Otomatik
ui_freeze|Dondur
ui_create_language_template|Dil Şablonu Oluştur
ui_mark_nontranslated_lines|Çevrilmemiş Satırları İşaretle
ui_create_language_template_required_game|Bu işlevi kullanmadan önce yeni bir oyun oluşturun veya bir oyunu geri yükleyin!
ui_create_language_template_generated|Dil Şablonu Dosyaları new_language dizini altında oluşturuldu!
ui_create_language_template_generated_marked|Dil Şablonu Dosyaları new_language dizini altında oluşturuldu! Çevrilmemiş metinler {***} işaretiyle belirtilmiştir. Bunu arama anahtar kelimesi olarak kullanabilirsiniz.
ui_join_campaign|Bir Sefere Katıl
ui_custom_key_1|
ui_custom_key_2|
ui_custom_key_3|
ui_custom_key_4|
ui_custom_key_5|
ui_custom_key_6|
ui_custom_key_7|
ui_custom_key_8|
ui_custom_key_9|
ui_custom_key_10|
ui_custom_key_11|
ui_custom_key_12|
ui_custom_key_13|
ui_custom_key_14|
ui_custom_key_15|
ui_custom_key_16|
ui_custom_key_17|
ui_custom_key_18|
ui_custom_key_19|
ui_custom_key_20|